{"cameraMode":{"drawMode":0,"name":"Shaded","section":"Shading Mode"},"sceneLighting":false,"audioPlay":false,"sceneViewState":{"showFog":true,"showMaterialUpdate":true,"showSkybox":false,"showFlares":true,"showImageEffects":true,"showParticleSystems":true},"in2DMode":false,"pivot":{"x":3.010216236114502,"y":2.2924046516418459,"z":1.8148566484451295},"rotation":{"x":0.003989707212895155,"y":-0.9571793079376221,"z":0.28918102383613589,"w":0.013205857947468758},"size":11.686399459838868,"orthographic":false}