{"cameraMode":{"drawMode":0,"name":"Shaded","section":"Shading Mode"},"sceneLighting":true,"audioPlay":false,"sceneViewState":{"showFog":true,"showMaterialUpdate":true,"showSkybox":true,"showFlares":true,"showImageEffects":true,"showParticleSystems":true},"in2DMode":false,"pivot":{"x":1.4290952682495118,"y":-16.470073699951173,"z":11.567001342773438},"rotation":{"x":-0.4194905757904053,"y":-0.007631545886397362,"z":0.0035271020606160166,"w":-0.9077261686325073},"size":76.42952728271485,"orthographic":false}